text,prediction
RT tsumurajp  Amazon tsumurajp RT,0.0
RT ahamoofficial DayAmazon ahamo ahamoofficial ,0.0
My nigga randomly cleared out my Amazon cart I see some neck under the tree along with his Christmas gifts ,1.0
RT eiking   Amazon or PayPay RTRT,0.0
RT TudorTweep New ReleaseLady of the Tudor Court servant of Queens courtier wife spy And constant heartThis is the story of,0.0
RT MafiaCityJP     Amazon MafiaCityJP,0.0
RT arcaeajp  of Dreams of Wrathh,0.0
RT MUArchangelJP MU,0.0
RT Hectez Please buy this game The narrative was really good and the characters are fleshed out so well  is beyond worth it I swear,0.0
Trellwym Thank you for spending your whole refund check on me last semester I owe you ,0.0
Pprt,0.0
RT mangasalekd    ,0.0
RT erinbiba Now that everyone is finally upgrading to good KN or N masks its important to know that a HUGE number more then  dep,0.0
Do you have your shopping done ,0.0
RT pleoshep MY BROTHER THAT WORKED FOR AMAZON GOT FIRED FOR THIS TODAY LMFAOOOOO NO WAY  ,1.0
DREAM HOUSE by Constantza Sasha Pop  via amazon,0.0
RT regzaofficial Amazon  regzaofficial ampRTAmazon ,0.0
  Amazon NoActivity  ,0.0
RT BethTabler Review  Black Sun by Rebecca RoanhorseREVIEW BY AquaVenatusBlack Sun is proof that Rebecca Roanhorse can weave her,0.0
Cuarto dia consecutivo que vamos al shopping y le compro ropa a Emma esta bebe es compradora compulsiva con dos meses,0.0
RT POINTJPTSUTOMU AmazonRTDM,0.0
RT SEGAEnt  Amazon ampRTRT,0.0
RT HuaweiFactsJP XmasBIG amazon HuaweiFactsJPRT,0.0
  RICO DAYS  ,0.0
RT eiking   Amazon or PayPay RTRT,0.0
RT regmati porqu en Argentina no se puede ir al Shopping con perros como en USA o en Europa,1.0
RT Sawa  RT  PayPayAmazonGoogleiTunes,0.0
LetsBOATRACE AmazonW  ,0.0
RT OldManLefty A woman listed an Eric Clapton CD on eBay she thought would fetch her around Clapton sued the woman for copyright,0.0
RT sawa  iPad   RT  RT ,0.0
RT ShytoshiKusama YOU LYING POS I ABSOLUTELY HATE SCAMMERS AS SOON AS MY TWITTER STOPS GOING APESHIT FROM ALL THE RTs IM SIMPLY GOING,1.0
RT CARGOOFFICIAL Switch LitePayPay Amazon                         ,0.0
DCAllen Would you like to give this smart toilet a positive review on Amazon while you shit ,0.0
I refuse to go shopping for my brother kids again its a  amp done because Im stressing out ,1.0
RT ahamoofficial DayAmazon ahamo ahamoofficial ,0.0
RT ShytoshiKusama This you askthedr or is this Twitter account not associated with this review and all the others on your business,0.0
RT regzaofficial Amazon  regzaofficial ampRTAmazon ,0.0
POKEMON EMERALD  AUTHENTIC EXCELLENT CONDITION CIB  NINTENDO GAMEBOYADVANCE eBay UnitedStates Auction Ninthusiast  ,0.0
My first and only poetry book is now available on Amazon A Lifetime So Far in Poetry  recovery  poetry  ,1.0
Click the link to learn how you can enter to win a complete refund on any one order made between Nov th and Dec th OR a  gift certificate kinky BDSM fetish femdom sissy chastity malechastity cagedboy cagedslave teaseanddenial ,0.0
Its not too late Save  on your lastminute Christmas gifts with code XMAS through Wednesday   Start shopping   XMAS          ,0.0
RT Genshin  Ver Twitter AmazonGenshinRT,0.0
RT yantanmonday Podcast PodcastAmazon Music,0.0
RT olliehaig JUST IN Ive spoken to SA Health this morning ALL testing sites across the city are overwhelmed and very busy A review i,0.0
RT BethPaintings ,0.0
RT ikkieb Amazon ikkiebRT,0.0
 hours of shopping done finally home,1.0
,0.0
  oo  ,0.0
RT bklynbby ,0.0
I just got paid to review a product Join me intellifluence and you can too  via intellifluence,0.0
RT tactbusiness RT amazon CPFIREBURNING,0.0
The latest Skip Daily Review  Thanks to edbott alex programming cybersecurity,0.0
RT tomsandora MA DPH released review of breakthrough COVID cases unvaccinated residents are x more likely to become infected than t,0.0
RT BlueArchiveJP  ,0.0
Enter to win Coobie Bra Of Winners Choice from CoobieBra ampamp emilyreviewscom giveaway sweeps sweepstakes giftguide ,0.0
RT yourmystarjp Amazon  yourmystarjp RT AM,0.0
RT sankanren JR ampRT Amazon  sankanren RTDM,0.0
RT SoEthereal The Book of Boba Fett will start streaming in  days on DisneyPlus and its very promising theres so much secrecy that,0.0
RUNNING GIRL Seamless Workout Shirts for Women DryFit Short Sleeve TShirts Crew Neck Stretch Yoga Tops AthleticShirts ,0.0
    BOX ABSampPVC   ,0.0
Our legal team has will be commencing a lawsuit against ShytoshiKusama  shib for libel We will be able to find out his true identity in the courts Our company will not stand for defamation and fake reviewsWe have also informed our contacts at the major exchanges,1.0
RT ahamoofficial DayAmazon ahamo ahamoofficial ,0.0
RT aishamae For those doing some Christmas shopping in Melbourne today cohealthau is running a vaccination popup van today at the for,0.0
RT eiking   Amazon or PayPay RTRT,0.0
RT KStateFB RHenington teamed up with a local nonprofit to take kids and their families from the Manhattan community holiday shopping,0.0
RT XiaomiJapan Redmi Buds ampRT DM,0.0
RT giftmall RT   Amazon giftmall RT,0.0
RT umagon iTunesPayPayAmazon,0.0
WhaleStats  wibx WiBOOIndication NFT NFTs Crypto BTC ETH ADA BNB SOL DOT VRA KDA SHIB DOGE FTM VET SAND MANA COTI ONE ENJ LINK GALA MATIC AVAX LTC LUNA AXS Metaverse elonmusk opensea minecraft binance czbinance,0.0
No solo estoy emocionada pq voy a ver Spider man sino que ya lo estaba hace una semana cuando escrib un review sobre la pelcula para el final de ingls  Full virga,1.0
PromoEmEstante  ,0.0
RT hanasuiytv  MC  amp ABCZhanasuiytv RT,0.0
RT CARGOOFFICIAL Switch LitePayPay Amazon                         ,0.0
 ps videogames,0.0
RT battledream AmazonbattledreamRT,0.0
CANWAY  CANWAY        Amazon   ,0.0
RT thetimes Amazon agreed to Beijings demand to have anything below a fivestar review of Xi Jinpings book The Governance of China remo,1.0
RT bjornlarssen Im skipping the top books of  thread because I really lack spoonsenergy maybe later but Id like to highlight a,1.0
RT MysteryRank           ,0.0
romanmx AFP marietteleroux mikeldrums Equal Is Unfair Americas Misguided Fight Against Inc  Amazon,0.0
RT sbineotrade SBIAmazongiftee Box  ,0.0
Its almost that time of year for performance reviews Here are  articles that list a few things you can look out for to prevent bias from impacting your rating during your performance review this year DiversityandInclusion bias A thread,0.0
RT wtfjummy online shopping for  hours and then closing all the tabs and not buying anything is one of my favorite hobbies,1.0
RT umagon iTunesPayPayAmazon,0.0
RT Sawa  RT  PayPayAmazonGoogleiTunes,0.0
From Allan J Lewis AllanJLewisGET OUT OF MY DREAMSThe Magic Man enters peoples dreams and has them do his bidding while he probes their darkest secrets,1.0
RT dailysimaenaga     ,0.0
RT tokaioptcs RTAmazonNONOLIFE tokaioptcs,0.0
RT yourmystarjp Amazon  yourmystarjp RT AM,0.0
Replin profile for Acollectorsdrea  Rating  Reviews Verified on eBay acollectorsdream   PayPal Secure CheckoutBUY   all your listings at ,0.0
RT Genshin  Ver Twitter AmazonGenshinRT,0.0
RT giftmall RT   Amazon giftmall RT,0.0
,0.0
ImIG  IGJapan amazon   IG,0.0
RT Sawa  RT  PayPayAmazonGoogleiTunes,0.0
RT caughttink amazon not even trying anymore ,1.0
RT dpino DverPayPayAmazondpino RT,0.0
RT MysteryRank          ,0.0
RT yesimola RT         Amazon yesimo,0.0
POINTJPTSUTOMU Amazon,0.0
RT yourmystarjp Amazon  yourmystarjp RT AM,0.0
RT ahamoofficial DayAmazon ahamo ahamoofficial ,0.0
RT yourmystarjp Amazon  yourmystarjp RT AM,0.0
,0.0
ainda bem que a Amazon no fez retrospectiva pq no meu mais pedidos ia dar s vodka vinho e gin,1.0
efenigson BearShai BEING HELD HOSTAGE BY AIRPORT Dying for everyones freedom  Early Treatment Ideas  Peer Review Articles  BEGGING TO LEAVE CANADA ,1.0
Diversityandinclusion Bias in performance reviews ,0.0
minha mae nao comprou a blusinha das bratz q vi no shopping pra mim ,1.0
